Date,AAPL,AMZN,GOOGLE,MSFT,NFLX,SNAP,BYND,ROKU,SQ,UBER,PINS,ZM,META,TSLA
2022-04-27,156.570007,138.167007,114.294502,283.220001,188.539993,27.09,38.220001,84.760002,99.93,30.68,18.67,97.620003,174.949997,293.83667
2022-04-28,163.639999,144.596497,118.522499,289.630005,199.520004,28.809999,39.82,91.629997,104.639999,32.82,21.200001,102.559998,205.729996,292.503326
2022-04-29,157.649994,124.281502,114.109497,277.519989,190.360001,28.459999,36.880001,92.900002,99.540001,31.48,20.52,99.57,200.470001,290.253326
2022-05-02,157.960007,124.5,116.583,284.470001,199.460007,29.52,38.330002,103.129997,105.860001,30.389999,22.16,104.790001,211.130005,300.980011
2022-05-03,159.479996,124.253502,117.334,281.779999,199.869995,28.93,38.900002,103.949997,102.330002,29.469999,22.389999,103.529999,212.029999,303.083344
2022-05-04,166.020004,125.928497,122.261002,289.980011,204.009995,30.16,41.759998,110.010002,106.790001,28.1,24.200001,108.980003,223.410004,317.540009
2022-05-05,156.770004,116.406998,116.505501,277.350006,188.320007,27.27,38.43,102.449997,95.550003,26.83,22.629999,100.839996,208.279999,291.093323
2022-05-06,157.279999,114.772499,115.746498,274.730011,180.970001,24.92,35.830002,96.830002,96.190002,26.07,22.690001,96.379997,203.770004,288.549988
2022-05-09,152.059998,108.789001,112.511002,264.579987,173.100006,23.389999,31.155001,87.769997,83.860001,23.049999,21.08,92.339996,196.210007,262.369995
2022-05-10,154.509995,108.859001,114.394997,269.5,177.660004,22.889999,30.370001,83.870003,84.389999,23.67,20.219999,90.68,197.649994,266.679993
2022-05-11,146.5,105.372002,113.602501,260.549988,166.369995,21.84,26.17,78.720001,71.220001,22.57,18.889999,84.800003,188.740005,244.666672
2022-05-12,142.559998,106.930496,112.844002,255.350006,174.309998,22.77,25.08,87.5,75.760002,23.290001,20.16,84.970001,191.240005,242.666672
2022-05-13,147.110001,113.055,116.050499,261.119995,187.639999,24.75,31.24,97.839996,84.150002,24.389999,21.469999,94.839996,198.619995,256.529999
2022-05-16,145.539993,110.810501,114.445,261.5,186.509995,23.42,27.24,93.260002,79.699997,23.59,21.49,88.919998,200.039993,241.456665
2022-05-17,149.240005,115.3685,116.473,266.820007,190.559998,24.540001,26.959999,97.660004,84.790001,24.200001,22.48,90.940002,202.619995,253.869995
2022-05-18,140.820007,107.112503,111.899498,254.080002,177.190002,22.73,26.42,94.839996,82.059998,22.459999,22.09,84.690002,192.240005,236.603333
2022-05-19,137.350006,107.319,110.384003,253.139999,183.479996,23.200001,25.5,96.870003,87.139999,23.24,23.139999,90.940002,191.289993,236.473328
2022-05-20,137.589996,107.591003,108.907997,252.559998,186.350006,23.26,24.370001,94.199997,83.440002,23.35,22.91,89.739998,193.539993,221.300003
2022-05-23,143.110001,107.556999,111.487999,260.649994,187.440002,22.469999,24.67,91.769997,83.400002,23.780001,22.59,89.330002,196.229996,224.96666
2022-05-24,140.360001,104.099998,105.970001,259.619995,180.339996,12.79,22.940001,79.160004,75.879997,21.549999,17.25,94.339996,181.279999,209.386673
2022-05-25,140.520004,106.775002,105.805,262.519989,187.830002,14.16,25.98,84.790001,77.949997,22.040001,18.9,102.339996,183.830002,219.600006
2022-05-26,143.779999,111.077499,107.792503,265.899994,191.399994,14.81,26.17,88.540001,83.410004,23.1,19.540001,107,191.630005,235.910004
2022-05-27,149.639999,115.1465,112.316498,273.23999,195.190002,15.58,28.629999,96.470001,90.519997,23.67,20.450001,110.419998,195.130005,253.210007
2022-05-31,148.839996,120.209503,113.762001,271.869995,197.440002,14.11,26.450001,94.900002,87.510002,23.200001,19.65,107.449997,193.639999,252.753326
2022-06-01,148.710007,121.683998,113.891998,272.420013,192.910004,13.93,25.24,90.769997,81.910004,22.940001,18.93,107.650002,188.639999,246.789993
2022-06-02,151.210007,125.511002,117.622498,274.579987,205.089996,14.9,27.41,95.849998,87.440002,24.74,20.040001,112.239998,198.860001,258.333344
2022-06-03,145.380005,122.349998,114.541,270.019989,198.979996,14.49,25.07,87.279999,83.099998,24.15,19.459999,109.419998,190.779999,234.516663
2022-06-06,146.139999,124.790001,116.820503,268.75,197.139999,15.15,25.02,89.529999,83.379997,24.73,19.940001,111.010002,194.25,238.279999
2022-06-07,148.710007,123,117.149498,272.5,198.610001,15.28,24.790001,93.419998,84.599998,25.299999,19.969999,115.040001,195.649994,238.886673
2022-06-08,147.960007,121.18,117.194,270.410004,202.830002,15.17,25.049999,101.879997,84.75,25.83,20.790001,115.459999,196.639999,241.866669
2022-06-09,142.639999,116.150002,114.835503,264.790009,192.770004,14.1,22.860001,92.370003,76.580002,25.440001,20.25,110.400002,184,239.706665
2022-06-10,137.130005,109.650002,111.161499,252.990005,182.940002,13.28,22.860001,82.709999,71.870003,23.719999,19.24,109.07,175.570007,232.229996
2022-06-13,131.880005,103.669998,106.392502,242.259995,169.690002,12.02,22.27,73.25,62.759998,21.57,17.219999,103.32,164.259995,215.736664
2022-06-14,132.759995,102.309998,106.7155,244.490005,167.539993,11.91,22.43,74.290001,60.299999,21.09,17.190001,106.860001,163.729996,220.889999
2022-06-15,135.429993,107.669998,109.764503,251.759995,180.110001,13.2,25.559999,83,62.91,22.030001,19.07,112.93,169.350006,233
2022-06-16,130.059998,103.660004,106.033501,244.970001,173.350006,12.22,23.91,78.580002,57.509998,20.469999,17.450001,106.089996,160.869995,213.100006
2022-06-17,131.559998,106.220001,107.143501,247.649994,175.509995,12.42,23.719999,82.419998,58.509998,21.809999,18.18,110,163.740005,216.759995
2022-06-21,135.869995,108.68,111.543999,253.740005,170.910004,12.85,25.42,89.080002,60.52,21.76,18.42,113.82,157.050003,237.036667
2022-06-22,135.350006,108.949997,111.487503,253.130005,178.889999,13.08,25.389999,91.190002,60.650002,21.5,18.889999,115.169998,155.850006,236.08667
2022-06-23,138.270004,112.440002,112.241997,258.859985,181.710007,13.94,26.059999,96.029999,67.269997,22.370001,19.9,117.669998,158.75,235.070007
2022-06-24,141.660004,116.459999,117.974998,267.700012,190.850006,14.7,25.42,98.769997,71,23.030001,21.469999,122.639999,170.160004,245.706665
2022-06-27,141.660004,113.220001,115.833504,264.890015,189.139999,14.56,25.18,94.75,69.43,22.860001,20.73,119.82,169.490005,244.919998
2022-06-28,137.440002,107.400002,112.0075,256.480011,179.600006,13.73,23.780001,89.089996,65.599998,22.08,19.700001,113.129997,160.679993,232.66333
2022-06-29,139.229996,108.919998,111.7015,260.26001,178.360001,13.96,24.360001,87.110001,63.84,21.469999,19.959999,111.870003,163.940002,228.490005
2022-06-30,136.720001,106.209999,108.962997,256.829987,174.869995,13.13,23.940001,82.139999,61.459999,20.459999,18.16,107.970001,161.25,224.473328
2022-07-01,138.929993,109.559998,108.737503,259.579987,179.949997,13.17,25.66,83.910004,63.900002,21.34,18.709999,110.970001,160.029999,227.263336
2022-07-05,141.559998,113.5,113.263,262.850006,185.880005,14.38,27.379999,92.059998,66.730003,22.52,20.23,120.419998,168.190002,233.066666
2022-07-06,142.919998,114.330002,114.571999,266.209991,184.059998,14.28,29.030001,88.529999,64.970001,21.5,19.73,117.059998,169.770004,231.733337
2022-07-07,146.350006,116.330002,118.782997,268.399994,189.270004,15.1,31.76,93.489998,68.629997,22.74,20.27,120.739998,172.190002,244.543335
2022-07-08,147.039993,115.540001,119.3535,267.660004,186.979996,14.96,31.950001,94.410004,67.019997,22.34,20.24,119.800003,170.880005,250.763336
2022-07-11,144.869995,111.75,115.676498,264.51001,177.339996,14.06,29.98,85.860001,63.23,21.190001,18.51,108.379997,162.880005,234.343338
2022-07-12,145.860001,109.220001,114.0205,253.669998,174.449997,14.04,30.67,87.559998,65.029999,21.57,18.5,107.989998,163.270004,233.070007
2022-07-13,145.490005,110.400002,111.3535,252.720001,176.559998,13.83,30.620001,87.019997,64.150002,21.5,18.41,101.010002,163.490005,237.039993
2022-07-14,148.470001,110.629997,110.3675,254.080002,174.779999,13.17,29.92,82.339996,62.419998,20.65,17.559999,97.349998,158.050003,238.313339
2022-07-15,150.169998,113.550003,111.777496,256.720001,189.110001,13.65,34.009998,85.769997,65.980003,21.67,20.4,99.849998,164.699997,240.066666
2022-07-18,147.070007,113.760002,109.029999,254.25,190.919998,13.92,34.68,88.220001,66.269997,22.58,20.25,98.919998,167.229996,240.546661
2022-07-19,151,118.209999,113.809998,259.529999,201.630005,14.15,37.560001,89.870003,69.25,22.67,20.639999,102.080002,175.779999,245.529999
2022-07-20,153.039993,122.769997,113.900002,262.269989,216.440002,15.51,37.169998,96.080002,74.779999,24.120001,21.27,107.089996,183.089996,247.5
2022-07-21,155.350006,124.629997,114.339996,264.839996,223.880005,16.35,37.990002,97.529999,74.760002,24.23,20.940001,110.849998,183.169998,271.706665
2022-07-22,154.089996,122.419998,107.900002,260.359985,220.440002,9.96,36.290001,88.839996,71.800003,23.299999,18.110001,106.550003,169.270004,272.243347
2022-07-25,152.949997,121.139999,107.510002,258.829987,218.509995,9.95,33.439999,86.709999,71.43,23.35,18.059999,106.099998,166.649994,268.433319
2022-07-26,151.600006,114.809998,105.019997,251.899994,213.910004,9.63,30.51,79.870003,66.389999,22.549999,17.25,100.330002,159.149994,258.859985
2022-07-27,156.789993,120.970001,113.059998,268.73999,226.75,9.55,32.439999,86.919998,72.760002,23.09,19.200001,105.910004,169.580002,274.820007
2022-07-28,157.350006,122.279999,114.220001,276.410004,226.020004,9.67,31.43,85.169998,74.68,23.309999,19.299999,106.220001,160.720001,280.899994
2022-07-29,162.509995,134.949997,116.32,280.73999,224.899994,9.88,31.99,65.519997,76.059998,23.450001,19.48,103.860001,159.100006,297.149994
2022-08-01,161.509995,135.389999,114.860001,278.01001,226.210007,9.54,32.029999,71.690002,77.809998,24.6,19.99,105.389999,159.929993,297.276672
2022-08-02,160.009995,134.160004,115.129997,274.820007,221.419998,9.87,33.279999,75.709999,79.089996,29.25,22.309999,108.160004,160.190002,300.58667
2022-08-03,166.130005,139.520004,118.080002,282.470001,226.729996,10.32,34.049999,79,88.07,30.190001,22.440001,112.970001,168.800003,307.396667
2022-08-04,165.809998,142.570007,118.190002,283.649994,229.910004,10.25,31.389999,81.279999,89.699997,31.85,22.530001,112.860001,170.570007,308.633331
2022-08-05,165.350006,140.800003,117.470001,282.910004,226.779999,10.18,38.259998,82.260002,87.730003,32.009998,22.549999,113.849998,167.110001,288.170013
2022-08-08,164.869995,139.410004,117.300003,280.320007,233.490005,10.41,39.310001,83.599998,85.5,31.85,22.9,114.739998,170.25,290.42334
2022-08-09,164.919998,137.830002,116.629997,282.299988,229.940002,10.16,37.049999,78.099998,81.129997,31.059999,22.540001,105.290001,168.529999,283.333344
2022-08-10,169.240005,142.690002,119.699997,289.160004,244.110001,10.57,36.939999,81.080002,88.839996,32.799999,22.9,112.010002,178.339996,294.356659
2022-08-11,168.490005,140.639999,118.839996,287.019989,242.699997,11.11,36.66,80.650002,85.989998,32.240002,22.860001,108.059998,177.490005,286.630005
2022-08-12,172.100006,143.550003,121.68,291.910004,249.300003,11.62,36.689999,83.809998,87.949997,32.470001,23.43,109.519997,180.5,300.029999
2022-08-15,173.190002,143.179993,122.080002,293.470001,249.110001,12.24,35.700001,84.379997,86.720001,32.490002,23.379999,113.230003,180.889999,309.320007
2022-08-16,173.029999,144.779999,121.699997,292.709991,245.690002,12.61,35.830002,84.120003,85.879997,32.380001,22.99,109.190002,179.470001,306.563324
2022-08-17,174.550003,142.100006,119.550003,291.320007,241.149994,12.09,34.709999,78.419998,80.330002,30.719999,22.49,102.379997,174.850006,303.996674
2022-08-18,174.149994,142.300003,120.169998,290.170013,245.169998,12.56,33.220001,77.910004,79.720001,30.15,22.559999,103.18,174.660004,302.869995
2022-08-19,171.520004,138.229996,117.209999,286.149994,241.160004,11.56,29.17,74.150002,74.360001,29.01,21.77,99.5,167.960007,296.666656
2022-08-22,167.570007,133.220001,114.239998,277.75,226.539993,11.01,27.059999,70.989998,73.010002,28,21.24,97.440002,163.050003,289.91333
2022-08-23,167.229996,133.619995,113.860001,276.440002,224.550003,10.6,26.08,68.849998,70.940002,27.809999,20.57,81.32,161.110001,296.453339
2022-08-24,167.529999,133.800003,113.690002,275.790009,229.610001,10.86,26.219999,69.010002,72.620003,28.709999,21.040001,83.610001,163.259995,297.09668
2022-08-25,170.029999,137.279999,116.650002,278.850006,233.979996,11.21,26.780001,73.43,74.629997,29.620001,24.01,85.720001,168.779999,296.070007
2022-08-26,163.619995,130.75,110.339996,268.089996,223.279999,10.67,24.790001,68.32,68.870003,28.58,23.08,81.410004,161.779999,288.089996
2022-08-29,161.380005,129.789993,109.419998,265.230011,224.570007,10.27,24.52,67.010002,67.75,28.74,22.91,81,159.169998,284.820007
2022-08-30,158.910004,128.729996,108.940002,262.970001,220.649994,10.01,24.52,67.010002,69.050003,28.709999,21.959999,81.419998,157.160004,277.700012
2022-08-31,157.220001,126.769997,108.220001,261.470001,223.559998,10.88,24.4,68,68.910004,28.76,23.040001,80.400002,162.929993,275.609985
2022-09-01,157.960007,127.82,109.739998,260.399994,230.039993,11.64,24.57,68.300003,68.75,28.92,22.74,81.139999,165.360001,277.160004
2022-09-02,155.809998,127.510002,107.849998,256.059998,226.110001,11.22,23.42,65.989998,66.330002,29.049999,22.07,80.790001,160.320007,270.209991
2022-09-06,154.529999,126.110001,106.809998,253.25,218.389999,10.77,21.719999,63.73,65.300003,28.889999,22.1,80.019997,158.539993,274.420013
2022-09-07,155.960007,129.479996,109.449997,258.089996,228.960007,11.46,21.959999,65.540001,67.82,30.030001,23.469999,81.019997,160.389999,283.700012
2022-09-08,154.460007,129.820007,108.379997,258.519989,227.440002,12.53,21.690001,69.269997,70.589996,30.68,24,80.230003,162.059998,289.26001
2022-09-09,157.369995,133.270004,110.650002,264.459991,233.570007,12.65,22.549999,71.550003,74.290001,31.780001,25.549999,82.620003,169.149994,299.679993
2022-09-12,163.429993,136.449997,110.860001,266.649994,236.529999,12.65,23.299999,72.010002,75.25,32.5,25.700001,84.080002,168.960007,304.420013
2022-09-13,153.839996,126.82,104.32,251.990005,218.130005,11.77,21.120001,68.050003,69.580002,31.32,24.59,78.860001,153.130005,292.130005
2022-09-14,155.309998,128.550003,105,252.220001,224.119995,11.52,20.129999,68.349998,68.559998,33.049999,24.76,79.589996,151.470001,302.609985
2022-09-15,152.369995,126.279999,102.910004,245.380005,235.380005,11.9,19.549999,73.809998,69.18,33.130001,25.629999,80.209999,149.550003,303.75
2022-09-16,150.699997,123.529999,102.800003,244.740005,240.130005,11.3,18.290001,71.349998,64.889999,31.93,24.92,78.68,146.289993,303.350006
2022-09-19,154.479996,124.660004,103.07,244.520004,243.630005,11.35,17.059999,73.019997,63.709999,31.49,25.42,78.32,148.020004,309.070007
2022-09-20,156.899994,122.190002,101.139999,242.449997,242.850006,11.12,16.030001,68.400002,61.470001,31.49,24.76,77.089996,146.089996,308.730011
2022-09-21,153.720001,118.540001,99.279999,238.949997,236.869995,10.85,15.9,65.625,59.450001,30.469999,23.91,75.940002,142.119995,300.799988
2022-09-22,152.740005,117.309998,100.139999,240.979996,237.050003,10.46,15.25,60.889999,55.93,28.58,23.209999,74.540001,142.820007,288.589996
2022-09-23,150.429993,113.779999,98.739998,237.919998,226.410004,10.32,15.69,59.880001,56.27,27.82,22.59,74.449997,140.410004,275.329987
2022-09-26,150.770004,115.150002,98.169998,237.449997,224.070007,10.18,14.54,58.18,54.139999,26.889999,22.809999,73.330002,136.369995,276.01001
2022-09-27,151.759995,114.410004,97.5,236.410004,224.360001,10.45,14.73,58.889999,55.080002,27.57,22.639999,74.260002,134.399994,282.940002
2022-09-28,149.839996,118.010002,100.050003,241.070007,245.199997,10.76,15.88,61.110001,59.07,28.040001,23.84,75.889999,141.610001,287.809998
2022-09-29,142.479996,114.800003,97.419998,237.5,239.710007,10.19,14.43,56.779999,55.900002,26.42,23.190001,74.470001,136.410004,268.209991
2022-09-30,138.199997,113,95.650002,232.899994,235.440002,9.82,14.17,56.400002,54.990002,26.5,23.299999,73.589996,135.679993,265.25
2022-10-03,142.449997,115.879997,98.639999,240.740005,239.039993,9.98,14.53,59.560001,55.779999,26.719999,23.700001,73.940002,138.610001,242.399994
2022-10-04,146.100006,121.089996,101.639999,248.880005,240.740005,10.82,15.91,62.400002,62.41,29.190001,24.9,77.540001,140.279999,249.440002
2022-10-05,146.399994,120.949997,101.43,249.199997,236.729996,11.2,16.030001,59.700001,62.150002,29.18,24.629999,77.519997,138.979996,240.809998
2022-10-06,145.429993,120.300003,101.419998,246.789993,240.020004,11.35,15.14,59.389999,61.93,29.73,25.83,78.349998,139.070007,238.130005
2022-10-07,140.089996,114.559998,98.68,234.240005,224.75,10.66,14.09,55.080002,57.41,28.07,25.120001,76.589996,133.449997,223.070007
2022-10-10,140.419998,113.669998,97.860001,229.25,229.979996,10.41,13.65,53.610001,56.619999,27.530001,24.65,73.720001,133.789993,222.960007
2022-10-11,138.979996,112.209999,97.18,225.410004,214.289993,10.31,14.11,51.700001,53.450001,24.66,22.99,73.709999,128.539993,216.5
2022-10-12,138.339996,112.900002,97.559998,225.75,220.869995,10.51,14.2,53.060001,56.139999,25.98,23.07,75.220001,127.5,217.240005
2022-10-13,142.990005,112.529999,99.059998,234.240005,232.509995,10.58,14.78,51.939999,56.23,25,22.200001,74.730003,130.289993,221.720001
2022-10-14,138.380005,106.900002,96.559998,228.559998,230,9.99,13.345,49.279999,51.509998,24.709999,21.35,72.290001,126.760002,204.990005
2022-10-17,142.410004,113.790001,99.970001,237.529999,245.100006,10.59,13.43,52.560001,55.919998,25.940001,22.530001,76.690002,134.039993,219.350006
2022-10-18,143.75,116.360001,100.769997,238.5,240.860001,10.6,13.56,53.23,57.27,27.610001,23.32,78.230003,132.800003,220.190002
2022-10-19,143.860001,115.07,99.629997,236.479996,272.380005,10.86,13.55,51.099998,53.939999,27.530001,23.040001,76.330002,133.229996,222.039993
2022-10-20,143.389999,115.25,99.970001,236.149994,268.160004,10.79,12.9,51.880001,55.18,27.870001,22.969999,79.959999,131.529999,207.279999
2022-10-21,147.270004,119.32,101.129997,242.119995,289.570007,7.76,12.63,50.150002,55.990002,28.02,21.5,80.980003,130.009995,214.440002
2022-10-24,149.449997,119.82,102.519997,247.25,282.450012,8.31,12.46,50.619999,56.990002,27.65,21.98,80.610001,129.720001,211.25
2022-10-25,152.339996,120.599998,104.480003,250.660004,291.019989,9.6,14.22,55.34,59.66,28.360001,22.59,84.089996,137.509995,222.419998
2022-10-26,149.350006,115.660004,94.93,231.320007,298.619995,9.58,14.8,52.599998,59.470001,28.200001,22.040001,83.370003,129.820007,224.639999
2022-10-27,144.800003,110.959999,92.220001,226.75,296.940002,9.56,14.49,52.27,60.259998,27.82,21.889999,82.610001,97.940002,225.089996
2022-10-28,155.740005,103.410004,96.290001,235.869995,295.720001,10.08,15.52,54.549999,61.290001,27.5,24.9,84.209999,99.199997,228.520004
2022-10-31,153.339996,102.440002,94.510002,232.130005,291.880005,9.91,15.7,55.540001,60.07,26.57,24.6,83.440002,93.160004,227.539993
2022-11-01,150.649994,96.790001,90.470001,228.169998,286.75,10.25,15.32,56.790001,59,29.75,24.200001,82.889999,95.199997,227.820007
2022-11-02,145.029999,92.120003,86.970001,220.100006,273,9.54,14.75,54.32,54.639999,28.809999,23.48,78.599998,90.540001,214.979996
2022-11-03,138.880005,89.300003,83.43,214.25,269.059998,9.16,14.36,51.84,53.91,28.73,22.780001,78.389999,88.910004,215.309998
2022-11-04,138.380005,90.980003,86.580002,221.389999,260.790009,9.14,13.91,49.59,60.110001,28.389999,22.389999,77.459999,90.790001,207.470001
2022-11-07,138.919998,90.529999,88.489998,227.869995,258.600006,10.01,13.3,50.369999,62.669998,27.690001,22.58,79.610001,96.720001,197.080002
2022-11-08,139.5,89.980003,88.900002,228.869995,263.459991,10.28,13.02,51.139999,62.509998,27.440001,22.620001,78.309998,96.470001,191.300003
2022-11-09,134.869995,86.139999,87.32,224.509995,254.660004,9.56,11.82,48.110001,57.209999,26.549999,21.280001,71.839996,101.470001,177.589996
2022-11-10,146.869995,96.629997,93.940002,242.979996,274.970001,10.73,14.2,55.509998,67.400002,28.85,23.17,82.230003,111.870003,190.720001
2022-11-11,149.699997,100.790001,96.410004,247.110001,290.130005,11.58,15.22,61.299999,71.660004,29.15,24.200001,88.32,113.019997,195.970001
2022-11-14,148.279999,98.489998,95.699997,241.550003,299.269989,11.29,15.54,58.529999,70.269997,29.07,24.42,84.349998,114.220001,190.949997
2022-11-15,150.039993,98.940002,98.440002,241.970001,310.200012,11.78,15.78,59.07,73.379997,31.57,26.290001,87.440002,117.080002,194.419998
2022-11-16,148.789993,97.120003,98.849998,241.729996,306.019989,11.07,14.49,56.880001,69.550003,30.040001,25.360001,83.5,113.230003,186.919998
2022-11-17,150.720001,94.849998,98.360001,241.679993,295.279999,10.92,13.94,56.41,67.989998,28.879999,24.52,82.589996,111.449997,183.169998
2022-11-18,151.289993,94.139999,97.43,241.220001,287.980011,10.52,13.45,55.650002,65.82,28.959999,24.379999,81.639999,112.050003,180.190002
2022-11-21,148.009995,92.459999,95.599998,242.050003,285.049988,9.96,13.28,53.66,61.849998,28.25,23.799999,80.260002,109.860001,167.869995
2022-11-22,150.179993,93.199997,97.050003,245.029999,286.690002,9.91,12.72,54.360001,62.720001,28.08,24.5,77.150002,111.440002,169.910004
2022-11-23,151.070007,94.129997,98.459999,247.580002,291.5,10.32,12.83,56.509998,63.919998,28.790001,25.030001,76.139999,112.239998,183.199997
2022-11-25,148.110001,93.410004,97.459999,247.490005,285.540009,10.18,12.72,56.080002,63.380001,28.5,24.99,75.400002,111.410004,182.860001
2022-11-28,144.220001,93.949997,96.050003,241.759995,281.170013,9.84,12.41,53.91,61.369999,27.76,24.360001,71.589996,108.779999,182.919998
2022-11-29,141.169998,92.419998,95.190002,240.330002,280.959991,9.82,12.92,54.18,62.110001,27.76,24,70.57,109.459999,180.830002
2022-11-30,148.029999,96.540001,100.989998,255.139999,305.529999,10.31,14.59,59.369999,67.769997,29.139999,25.42,75.43,118.099998,194.699997
2022-12-01,148.309998,95.5,100.989998,254.690002,316.950012,10.87,14.32,59.779999,69.169998,28.34,25.58,77.43,120.440002,194.699997
2022-12-02,147.809998,94.129997,100.440002,255.020004,320.410004,10.5,14.3,60.73,68.18,28.75,24.860001,74.309998,123.489998,194.860001
2022-12-05,146.630005,91.010002,99.480003,250.199997,312.589996,10.1,13.69,56.419998,63.139999,27.700001,23.93,72.900002,122.43,182.449997
2022-12-06,142.910004,88.25,96.980003,245.119995,305.559998,9.42,13.88,51.200001,61.299999,26.92,22.719999,71.470001,114.120003,179.820007
2022-12-07,140.940002,88.459999,94.940002,244.369995,308.420013,9.3,15.6,51.220001,61.07,26.4,22.68,69.870003,113.93,174.039993
2022-12-08,142.649994,90.349998,93.709999,247.399994,310.26001,9.4,16.15,50.91,63.369999,26.450001,22.620001,72.360001,115.330002,173.440002
2022-12-09,142.160004,89.089996,92.830002,245.419998,320.01001,9.45,14.87,51.740002,64.599998,26.549999,23.16,72.160004,115.900002,179.050003
2022-12-12,144.490005,90.550003,93.309998,252.509995,315.179993,9.46,14.68,51.540001,66.199997,27.030001,23.610001,73.690002,114.709999,167.820007
2022-12-13,145.470001,92.489998,95.629997,256.920013,320.339996,9.41,14.52,52.529999,71.029999,26.98,26.42,74.050003,120.150002,160.949997
2022-12-14,143.210007,91.580002,95.07,257.220001,317.829987,9.54,14.62,50.5,71.25,27.469999,26.219999,73.220001,121.589996,156.800003
2022-12-15,136.5,88.449997,90.860001,249.009995,290.410004,8.76,13.78,46.580002,65.889999,26.24,25.16,70.199997,116.150002,157.669998
2022-12-16,134.509995,87.860001,90.260002,244.690002,290.709991,8.47,14.13,45.849998,62.509998,25.969999,24.799999,69.860001,119.43,150.229996
2022-12-19,132.369995,84.919998,88.440002,240.449997,288.299988,8.19,13.32,44.5,60.439999,24.950001,24.17,69.089996,114.480003,149.869995
2022-12-20,132.300003,85.190002,89.019997,241.800003,288.190002,8.21,13.18,43,61.41,24.959999,24.440001,68.559998,117.089996,137.800003
2022-12-21,135.449997,86.769997,89.580002,244.429993,297.959991,8.64,13.26,42.950001,62.580002,25.360001,25.139999,69.93,119.760002,137.570007
2022-12-22,132.229996,83.790001,87.760002,238.190002,297.75,8.68,12.92,42.360001,60.59,24.639999,24.719999,65.940002,117.120003,125.349998
2022-12-23,131.860001,85.25,89.230003,238.729996,294.959991,8.58,12.79,41.349998,60.889999,24.639999,24.530001,65.889999,118.040001,123.150002
2022-12-27,130.029999,83.040001,87.389999,236.960007,284.170013,8.56,11.83,39.23,59.860001,24.4,23.43,65.459999,116.879997,109.099998
2022-12-28,126.040001,81.82,86.019997,234.529999,276.880005,8.55,11.34,38.799999,59.080002,24.59,22.860001,65.360001,115.620003,112.709999
2022-12-29,129.610001,84.18,88.449997,241.009995,291.119995,8.81,12.4,40.560001,62.919998,24.91,23.82,68,120.260002,121.82
2022-12-30,129.929993,84,88.230003,239.820007,294.880005,8.95,12.31,40.700001,62.84,24.73,24.280001,67.739998,120.339996,123.18
2023-01-03,125.07,85.82,89.120003,239.580002,294.950012,8.85,12.38,40.560001,64.639999,25.360001,22.889999,66.660004,124.739998,108.099998
2023-01-04,126.360001,85.139999,88.080002,229.100006,309.410004,9.3,12.87,42.349998,66.300003,25.91,23.780001,67.650002,127.370003,113.639999
2023-01-05,125.019997,83.120003,86.199997,222.309998,309.700012,9.14,13,42.759998,64.709999,25.549999,23.59,65.620003,126.940002,110.339996
2023-01-06,129.619995,86.080002,87.339996,224.929993,315.549988,9.22,13.79,43.599998,68.989998,26.4,24.459999,69.510002,130.020004,113.059998
2023-01-09,130.149994,87.360001,88.019997,227.119995,315.170013,9.2,14.04,45.189999,69.059998,27.4,24.879999,70.080002,129.470001,119.769997
2023-01-10,130.729996,89.870003,88.419998,228.850006,327.540009,9.42,14.61,47.119999,70.029999,28.040001,25.940001,70.860001,132.990005,118.849998
2023-01-11,133.490005,95.089996,91.519997,235.770004,327.26001,9.66,15.92,48.970001,71.669998,28.35,27.01,70.010002,132.889999,123.220001
2023-01-12,133.410004,95.269997,91.129997,238.509995,330.130005,9.64,16.52,49.150002,71.800003,29.030001,26.440001,69.910004,136.710007,123.559998
2023-01-13,134.759995,98.120003,92.120003,239.229996,332.820007,9.8,15.93,50.82,71.650002,29.440001,26.690001,69.489998,136.979996,122.400002
2023-01-17,135.940002,96.050003,91.290001,240.350006,326.220001,9.67,15.71,51.029999,75.099998,29.200001,26.620001,69.870003,135.360001,131.490005
2023-01-18,135.210007,95.459999,91.120003,235.809998,326.329987,9.41,14.58,50.240002,72.110001,28.959999,26.08,67.480003,133.020004,128.779999
2023-01-19,135.270004,93.68,93.050003,231.929993,315.779999,9.62,14.26,49.939999,70.940002,29.030001,26.77,66.834999,136.149994,127.169998
2023-01-20,137.869995,97.25,98.019997,240.220001,342.5,9.99,15.12,52.389999,76.160004,30.360001,26.6,69.5,139.369995,133.419998
2023-01-23,141.110001,97.519997,99.790001,242.580002,357.420013,10.2,16.83,54.639999,81.660004,30.530001,26.690001,70.970001,143.270004,143.75
2023-01-24,142.529999,96.32,97.699997,242.039993,363.829987,10.26,15.98,52.610001,80.790001,29.93,25.83,69.43,143.139999,143.889999
2023-01-25,141.860001,97.18,95.220001,240.610001,367.959991,9.67,16.129999,52.150002,80.769997,30.290001,26.120001,68.889999,141.5,144.429993
2023-01-26,143.960007,99.220001,97.519997,248,364.869995,10.19,16.190001,52.580002,81.190002,30.02,26.370001,71.580002,147.300003,160.270004
2023-01-27,145.929993,102.239998,99.370003,248.160004,360.769989,10.91,18.51,56.040001,83.830002,30.360001,26.74,74.150002,151.740005,177.899994
2023-01-30,143,100.550003,96.940002,242.710007,353.109985,11.09,16.450001,54,79.790001,29.629999,25.92,73.5,147.059998,166.660004
2023-01-31,144.289993,103.129997,98.839996,247.809998,353.859985,11.56,16.43,57.5,81.720001,30.93,26.290001,75,148.970001,173.220001
2023-02-01,145.429993,105.150002,100.43,252.75,361.98999,10.37,16.969999,60.049999,83.900002,31.49,26.700001,78.110001,153.119995,181.410004
2023-02-02,150.820007,112.910004,107.739998,264.600006,366.890015,11.4,20.219999,65.470001,88.410004,33.049999,29.1,82.839996,188.770004,188.270004
2023-02-03,154.5,103.389999,104.779999,258.350006,365.899994,11,19.42,62.84,84.709999,33.09,27.48,79.540001,186.529999,189.979996
2023-02-06,151.729996,102.18,102.900002,256.769989,361.480011,12.07,17.99,62.209999,82.550003,33.900002,27.889999,77.07,186.059998,194.759995
2023-02-07,154.649994,102.110001,107.639999,267.559998,362.950012,12.21,17.190001,62.5,83.18,34.900002,26.450001,84.660004,191.619995,196.809998
2023-02-08,151.919998,100.050003,99.370003,266.730011,366.829987,11.56,17.68,59.099998,81.129997,36.830002,25.879999,79.349998,183.429993,201.289993
2023-02-09,150.869995,98.239998,95.010002,263.619995,362.5,10.98,16.25,54.990002,76.18,35.889999,24.73,76.769997,177.919998,207.320007
2023-02-10,151.009995,97.610001,94.57,263.100006,347.359985,10.65,15.99,54.900002,75.230003,34.299999,24.84,74.209999,174.149994,196.889999
2023-02-13,153.850006,99.540001,94.610001,271.320007,358.570007,10.71,16.16,55.360001,76.82,33.439999,24.700001,76.480003,179.429993,194.639999
2023-02-14,153.199997,99.699997,94.68,272.170013,359.959991,10.85,15.52,56.639999,78.800003,35.23,24.68,77.900002,179.479996,209.25
2023-02-15,155.330002,101.160004,96.940002,269.320007,361.420013,11.26,17.43,63.490002,82.690002,36.23,25.379999,80.769997,177.160004,214.240005
2023-02-16,153.710007,98.150002,95.510002,262.149994,350.709991,10.73,17.1,70.57,78.629997,36.220001,24.84,77.910004,172.440002,202.039993
2023-02-17,152.550003,97.199997,94.349998,258.059998,347.959991,10.36,17.74,71.559998,75.019997,34.77,24.43,76.110001,172.880005,208.309998
2023-02-21,148.479996,94.580002,91.790001,252.669998,337.5,9.81,16.4,65.629997,71.949997,34.200001,24.450001,72.470001,172.080002,197.369995
2023-02-22,148.910004,95.790001,91.650002,251.509995,334.880005,9.9,17.1,68.839996,72.940002,34.540001,25.139999,73.389999,171.119995,200.860001
2023-02-23,149.399994,95.82,90.889999,254.770004,323.649994,10.1,17.139999,66.790001,74.150002,34.470001,25.5,74.57,172.039993,202.070007
2023-02-24,146.710007,93.5,89.129997,249.220001,317.149994,9.81,18.879999,62.650002,77.360001,33.400002,25.030001,73.93,170.389999,196.880005
2023-02-27,147.919998,93.760002,89.870003,250.160004,323.029999,9.88,18.77,62.349998,75.139999,33.549999,24.99,73.720001,169.539993,207.630005
2023-02-28,147.410004,94.230003,90.059998,249.419998,322.130005,10.15,17.84,64.690002,76.730003,33.259998,25.110001,74.589996,174.940002,205.710007
2023-03-01,145.309998,92.169998,90.360001,246.270004,313.480011,10.14,16.940001,63.639999,76.629997,32.990002,24.969999,69.620003,173.419998,202.770004
2023-03-02,145.910004,92.129997,92,251.110001,311.880005,10.1,17.68,64.029999,78.040001,33.689999,25.34,70.629997,174.529999,190.899994
2023-03-03,151.029999,94.900002,93.650002,255.289993,315.179993,10.65,18.709999,65.620003,80.879997,34.57,26.4,70.809998,185.25,197.789993
2023-03-06,153.830002,93.75,95.129997,256.869995,312.029999,11.66,18.08,63.639999,80.809998,33.880001,26.68,71.330002,184.899994,193.809998
2023-03-07,151.600006,93.550003,93.860001,254.149994,308.470001,11.72,18.059999,62.400002,78.040001,34.139999,26.639999,69.650002,184.509995,187.710007
2023-03-08,152.869995,93.919998,94.25,253.699997,311.790009,11.05,18.18,63.240002,77.949997,34.009998,25.74,68.910004,184.970001,182
2023-03-09,150.589996,92.25,92.32,252.320007,297.779999,10.66,17.360001,60.52,73.800003,32.32,24.84,67.620003,181.690002,172.919998
2023-03-10,148.5,90.730003,90.629997,248.589996,292.76001,10.34,17.27,59.990002,71.010002,31.110001,24.17,67.120003,179.509995,173.440002
2023-03-13,150.470001,92.43,91.110001,253.919998,293.51001,10.23,17.6,59.540001,69.459999,30.82,23.690001,68.669998,180.899994,174.479996
2023-03-14,152.589996,94.879997,93.970001,260.790009,294.940002,10.37,17.799999,61.709999,73.629997,32.360001,24.99,68.989998,194.020004,183.259995
2023-03-15,152.990005,96.199997,96.110001,265.440002,303.790009,10.34,17.049999,62.34,74.07,31.969999,25.030001,71.029999,197.75,180.449997
2023-03-16,155.850006,100.040001,100.32,276.200012,310.059998,11.09,16.85,65.18,75.089996,32.73,26.530001,70.589996,204.929993,184.130005
2023-03-17,155,98.949997,101.620003,279.429993,303.5,10.7,15.54,64.239998,73.980003,31.780001,26.370001,69.190002,195.610001,180.130005
2023-03-20,157.399994,97.709999,101.220001,272.230011,305.130005,10.66,15.17,61.82,74.5,31.93,26.75,69.300003,197.809998,183.25
2023-03-21,159.279999,100.610001,104.919998,273.779999,305.790009,11.38,15.58,65.910004,77.459999,32.860001,27.52,71.849998,202.160004,197.580002
2023-03-22,157.830002,98.699997,103.370003,272.290009,293.899994,11.05,15.06,62.939999,72.650002,31.52,27.469999,68.75,199.809998,191.149994
2023-03-23,158.929993,98.709999,105.599998,277.660004,320.369995,11.39,15.29,63.200001,61.880001,31.18,27.610001,69.190002,204.279999,192.220001
2023-03-24,160.25,98.129997,105.440002,280.570007,328.390015,11.56,16.27,60,60.68,30.75,27.469999,69.040001,206.009995,190.410004
2023-03-27,158.279999,98.040001,102.459999,276.380005,327.660004,11.74,15.915,62.82,64.400002,30.620001,28.07,68.57,202.839996,191.809998
2023-03-28,157.649994,97.239998,101.029999,275.230011,323.519989,11.06,15.68,60.599998,63.759998,30.07,26.84,68.540001,200.679993,189.190002
2023-03-29,160.770004,100.25,101.389999,280.51001,332.029999,10.78,15.75,63.91,66.489998,30.870001,26.5,70.599998,205.350006,193.880005
2023-03-30,162.360001,102,100.889999,284.049988,338.429993,10.91,15.89,61.619999,68.489998,31.190001,26.34,72.040001,207.839996,195.279999
2023-03-31,164.899994,103.290001,103.730003,288.299988,345.480011,11.21,16.23,65.82,68.650002,31.700001,27.27,73.839996,211.940002,207.460007
2023-04-03,166.169998,102.410004,104.360001,287.230011,348.279999,11.24,16.34,65.709999,67.830002,31.459999,27.75,73.669998,213.070007,194.770004
2023-04-04,165.630005,103.949997,104.720001,287.179993,346.75,11,16.370001,66.120003,68.839996,31.389999,27.98,73.639999,214.720001,192.580002
2023-04-05,163.759995,101.099998,104.470001,284.339996,342.350006,10.39,15.97,61.27,67.660004,31.120001,27.33,71.099998,211.479996,185.520004
2023-04-06,164.660004,102.059998,108.419998,291.600006,339.329987,10.56,15.33,64.080002,68.099998,31.18,28.25,71.849998,216.100006,185.059998
2023-04-10,162.029999,102.169998,106.440002,289.390015,338.98999,10.36,15.21,64.32,66.360001,31.74,27.940001,71.169998,214.75,184.509995
2023-04-11,160.800003,99.919998,105.349998,282.829987,338.209991,10.56,15.08,63.970001,66.419998,31.120001,28.190001,70,213.850006,186.789993
2023-04-12,160.100006,97.830002,104.639999,283.48999,331.029999,10.62,14.68,60.470001,62.740002,30.59,27.74,67.489998,214,180.539993
2023-04-13,165.559998,102.400002,107.43,289.839996,346.190002,10.74,14.83,63.32,64.559998,31.440001,28.459999,70.18,220.350006,185.899994
2023-04-14,165.210007,102.510002,108.870003,286.140015,338.630005,10.69,14.82,61.720001,64.040001,31.48,28.58,69.5,221.490005,185
2023-04-17,165.229996,102.739998,105.970001,288.799988,332.720001,10.88,14.74,64.470001,64.190002,32.080002,28.620001,67.620003,218.860001,187.039993
2023-04-18,166.470001,102.300003,104.5,288.369995,333.700012,11.04,14.82,64.839996,63.900002,31.73,28.18,67.269997,217.889999,184.309998
2023-04-19,167.630005,104.300003,104.18,288.450012,323.119995,10.98,14.86,61.740002,62.869999,32.040001,28.219999,67.75,215.699997,180.589996
2023-04-20,166.649994,103.809998,105.290001,286.109985,325.350006,10.14,13.93,58.919998,62.360001,31.5,27.530001,65.699997,213.070007,162.990005
2023-04-21,165.020004,106.959999,105.410004,285.76001,327.980011,10.01,14.09,58.049999,63.48,30.83,27.389999,63.98,212.889999,165.080002
2023-04-24,165.330002,106.209999,105.970001,281.769989,329.019989,10.22,13.99,59.060001,64.5,30.68,27.629999,65.800003,212.789993,162.550003
2023-04-25,163.770004,102.57,103.849998,275.420013,322.549988,10.16,13.29,57.720001,61,29.59,27.74,63.049999,207.550003,160.669998
2023-04-26,163.759995,104.980003,103.709999,295.369995,321.149994,9.88,12.96,56.560001,60.57,29.68,26.610001,61.43,209.399994,153.75
