Date,ANET,CRWD,LWMHF,LLY,CEG,NVDA.NE,LRLCF,MRU.TO,SSB,COP,TMUS,BIIB,TSM,DOL.TO,NKE
7/10/2023,159.550003,149.949997,915.909973,453.160004,93.599998,40.290001,447.570007,73.129997,68.550003,104.349998,138.339996,281.579987,99.769997,87.239998,105.779999
7/11/2023,160.169998,150.789993,936.73999,439.390015,94.360001,40.48,451.75,72.349998,69.589996,107.440002,140.020004,279.839996,101.260002,85.589996,107.389999
7/12/2023,164.039993,146.130005,967.700012,440.600006,96.059998,41.959999,455.350006,72.199997,70.760002,109.309998,140.889999,277.619995,103.900002,85.980003,107.760002
7/13/2023,168.610001,150.75,986.309998,434.700012,95.269997,43.939999,471.100006,72.510002,71.589996,110.550003,140.690002,277.970001,105.57,86.599998,107.839996
7/14/2023,165.580002,149.399994,999,449.459991,95,43.400002,470.25,74.139999,70.379997,107.089996,139.679993,278.929993,105.139999,88.43,107.949997
7/17/2023,170.419998,152.729996,968.700012,447.140015,96.18,44.369999,461.549988,74.129997,71.849998,106.440002,138,278.399994,104.790001,87.949997,108.709999
7/18/2023,173.509995,152.949997,968.090027,451.200012,95.370003,45.369999,461.670013,73.110001,74.809998,108.75,138.449997,276.170013,103.150002,88.099998,109.720001
7/19/2023,176.259995,157.610001,953.849976,453.559998,94.730003,44.970001,450.350006,72.910004,75.900002,109.480003,137.580002,276.890015,103.059998,88.059998,109.879997
7/21/2023,171.639999,150.899994,967.47998,462.040009,96.599998,42.400002,455.25,74.290001,75.129997,112.889999,140.899994,276.73999,97.25,88.459999,109.059998
7/24/2023,171.720001,149.740005,953.75,459.320007,96.550003,42.580002,456.649994,74.07,75.940002,114.720001,141.369995,277,98.25,89.150002,108.769997
7/25/2023,174.089996,150.940002,913,457.540009,97.519997,43.630001,446.040009,73.470001,75,116.18,142.470001,270.309998,100.32,89.610001,108.300003
7/26/2023,164.449997,154.630005,901.52002,453.589996,97.339996,43.419998,451.390015,72.349998,78.120003,116.830002,141.089996,265.25,99.410004,89.379997,109.300003
7/27/2023,160.990005,152.850006,922.159973,454.98999,95.419998,43.880001,456.950012,72.050003,76.330002,115.779999,139.880005,262.790009,99.349998,87.519997,107.669998
7/28/2023,151.089996,155.600006,928.460022,458.480011,95.739998,44.66,458.200012,71.510002,77.589996,115.93,140.869995,265.230011,100.860001,87.150002,108.620003
7/31/2023,155.089996,161.660004,933.599976,454.549988,96.650002,44.52,466.149994,70.970001,77.669998,117.720001,137.770004,270.190002,99.150002,86.860001,110.389999
8/1/2023,185.610001,165.960007,914.609985,453.089996,96.300003,44.43,451.149994,70.559998,77.239998,117.379997,137.259995,269.299988,98.400002,85.849998,109.400002
8/2/2023,177.279999,154.729996,890,454.480011,95.550003,42.349998,458,70.099998,77.129997,115.589996,135.779999,271.559998,95.699997,85.449997,107.510002
8/3/2023,177.759995,157.550003,891.75,449.160004,101.139999,42.549999,446.589996,69.269997,78.18,114.989998,135.369995,267.75,94.980003,84.809998,108.639999
8/4/2023,179.600006,150.490005,889.75,449.48999,103.940002,42.66,455.149994,69.900002,78.349998,113.709999,134.600006,268.920013,96.160004,85.540001,108.809998
8/7/2023,179.270004,150.970001,904.130005,454.079987,103.75,42.650002,455.600006,69.699997,78.730003,114.480003,136.649994,271.230011,96.349998,85.540001,110.480003
8/8/2023,180.449997,145.880005,890.200012,521.599976,104.809998,40.650002,442.470001,70.559998,77.629997,115.589996,136.259995,274.140015,94.489998,85.540001,109.690002
8/9/2023,177.460007,145.460007,888.25,526.22998,105.110001,40.459999,453.75,71.330002,76.910004,116.440002,137.710007,271.290009,93.980003,85.519997,109.690002
8/10/2023,176.300003,147.860001,909.75,521.340027,105.720001,38.98,458.049988,71.089996,75.709999,115.830002,137.729996,269.059998,94.800003,85.599998,109.029999
8/11/2023,174.940002,148.220001,897.130005,528.280029,106.559998,41.759998,457.200012,71.410004,75.529999,117.809998,138.339996,273.679993,91.989998,85.830002,108.089996
8/14/2023,178.119995,152.369995,888.090027,538,107,41.950001,459.75,70.889999,75.139999,117.690002,139.5,272.73999,93.07,85.449997,107.639999
8/15/2023,179.649994,149.630005,877.609985,546.619995,106.239998,41.52,443.459991,71.099998,73.379997,115.510002,138.580002,270.220001,91.68,86.760002,106.550003
8/16/2023,181.369995,149,870.330017,546.23999,105.099998,41.439999,447.839996,70.669998,72.910004,114.639999,138.25,265.26001,91.779999,86.879997,106.529999
8/17/2023,182.759995,144.380005,849.25,537.659973,104.82,41.32,434.790009,70.199997,72.309998,116.730003,136.369995,261.5,91.639999,86.379997,105.050003
8/18/2023,180.539993,146.800003,844.080017,546.429993,104.769997,44.82,427.799988,69.599998,72.139999,117.290001,136.139999,261.149994,91.099998,85.580002,104.809998
8/21/2023,184.669998,153.899994,855.369995,550.049988,106.110001,43.599998,431.75,69.050003,71.68,117.209999,135.550003,265.070007,92.559998,85.199997,102.860001
8/22/2023,187.520004,152.330002,853.919983,553.659973,106.260002,44.959999,425.25,69.32,70.120003,116.150002,135.160004,262.980011,92.239998,86.169998,101.459999
8/23/2023,189.830002,153.809998,859.23999,553.359985,108.440002,45.060001,438.26001,69.599998,70.959999,115.809998,136.330002,264.799988,94.220001,85.339996,98.75
8/24/2023,179.190002,145.449997,841.299988,548,106.919998,43.889999,430.23999,69.900002,70.389999,114.800003,133.320007,262.429993,92.529999,85.809998,97.629997
8/25/2023,180.899994,149.580002,852.690002,553.650024,105.870003,44.689999,430.450012,69.769997,69.870003,116.519997,133.350006,264.429993,93.099998,85.739998,98.839996
8/28/2023,181.960007,144.029999,864.299988,553.919983,105.370003,46.52,444.399994,70.370003,71.5,117.519997,135.179993,265.049988,94,87.339996,99.629997
8/29/2023,185.449997,146.699997,883.690002,553.900024,105.540001,47,446.290009,69.75,72.389999,117.660004,136.740005,268,95.080002,86.870003,101.769997
8/30/2023,187.100006,149.179993,878.559998,547.98999,105.739998,47.119999,442.100006,69.639999,71.650002,118.699997,137.389999,267.179993,94.779999,87.610001,102.099998
8/31/2023,195.229996,163.029999,848.299988,554.200012,104.160004,46.240002,434.25,70.5,72.300003,119.029999,136.25,267.359985,93.57,88.57,101.709999
9/1/2023,197.360001,161.229996,837.97998,557.109985,107.290001,46.279999,442.350006,71.370003,74.82,122.139999,137.330002,267.170013,93.190002,88.809998,102.360001
9/5/2023,197.460007,165.429993,812.5,558.190002,106.050003,44.889999,434.5,71.050003,73.57,122.830002,136.889999,266.290009,94.599998,87.709999,100.32
9/6/2023,197.539993,166.229996,786.52002,559.950012,106.639999,44.09,431.149994,70.150002,70.949997,123.07,134.130005,263.720001,92.260002,87.519997,100.18
9/7/2023,195.539993,166.639999,778.960022,573.22998,108.540001,43.41,428.25,70.730003,69.580002,121.709999,137.279999,261.339996,90.050003,87.559998,97.93
9/8/2023,196.470001,168.089996,793.559998,586.460022,108.639999,43.060001,434.019989,70.559998,69.93,122.720001,137.630005,258.98999,89.639999,88.650002,97.669998
9/11/2023,193.190002,172.289993,800.299988,595.559998,109.980003,42.779999,433.649994,70.540001,69.639999,120.440002,140.259995,258.920013,89.599998,89.360001,96.790001
9/12/2023,189.029999,169.679993,794.340027,599.299988,108.5,43.380001,424.799988,72.25,70.360001,123.080002,140.110001,258.440002,90.480003,94.660004,96.300003
9/13/2023,188.089996,168.470001,779.299988,598.880005,109.269997,43.5,427.589996,72.75,69.339996,122.309998,141.5,255.910004,91.220001,96.290001,96.129997
9/14/2023,187.559998,170.729996,795.460022,591.609985,112.459999,41.849998,435.049988,72.779999,70.18,124.5,143.119995,256.320007,91.470001,95.629997,97.190002
9/15/2023,184.720001,165.449997,806,575.659973,109.93,41.880001,438.399994,72.669998,69.82,123.57,141.929993,254.789993,89.25,95.970001,96.260002
9/18/2023,186.020004,166.970001,790.859985,571.280029,110.739998,41.5,430.359985,71.650002,68.860001,124.480003,140.809998,253.300003,88.830002,95.209999,95.510002
9/19/2023,184.830002,165.5,788.650024,574.960022,110.540001,40.27,423.399994,72.370003,68.870003,123.160004,142.470001,256.670013,88.169998,95.629997,94.620003
9/20/2023,182.75,163.889999,778.72998,569.640015,110.129997,39.099998,437.390015,71.709999,68.830002,121.169998,142.070007,260.529999,87.290001,94.209999,94.040001
9/21/2023,177.860001,162.529999,777.5,550.130005,109.940002,39.650002,416.149994,71.860001,67.959999,119.07,139.990005,258.929993,85.360001,93.610001,91.589996
9/22/2023,180.339996,162.570007,777.440002,550.539978,110.360001,40.23,427.450012,71.400002,67.5,119.160004,139.350006,257.679993,85.639999,94.150002,90.849998
9/25/2023,181.179993,159.919998,757.650024,552.289978,112.209999,39.939999,420.100006,70.889999,68.739998,121.07,140.009995,255.020004,86.239998,93.199997,90.599998
9/26/2023,177.919998,160.479996,743,550.01001,108.489998,40.439999,413.290009,69.879997,67.419998,120.139999,140.460007,258.049988,84.290001,92.849998,90.169998
9/27/2023,181.600006,163.039993,736.01001,549.76001,110.75,41.02,406.899994,70.970001,66.379997,123.089996,139.699997,257.519989,85.440002,94.43,89.419998
9/28/2023,184.429993,165.25,746.289978,544.450012,109.32,41.459999,413.5,70.540001,66.980003,122.720001,139.699997,257.829987,86.410004,93.580002,89.629997
9/29/2023,183.929993,167.380005,759.859985,537.130005,109.080002,42.66,416.5,70.629997,67.360001,119.800003,140.050003,257.01001,86.900002,93.199997,95.620003
10/2/2023,187.809998,169.539993,745.340027,538.289978,104.730003,41.439999,410.5,71.120003,66.139999,117.099998,139.259995,252.860001,87.650002,92.940002,94.559998
10/3/2023,184.889999,162.029999,740.52002,525.190002,104.889999,41.939999,405.75,71.879997,64.900002,117.599998,136.429993,251.309998,85.410004,93.589996,95.089996
10/4/2023,186.029999,164.050003,751.109985,531.460022,106.160004,42.529999,414.98999,71.779999,65.57,113.330002,138.059998,257.160004,86.669998,94.440002,95.889999
10/5/2023,188.029999,165.289993,765.900024,541.47998,107.879997,43.540001,408.25,71.510002,67.150002,113.419998,137.429993,259.769989,87.029999,94.150002,95.790001
10/6/2023,194.020004,176.690002,780.440002,565.219971,110.169998,43.560001,414.25,71.800003,68.07,115.330002,139.029999,263.25,89.290001,95.019997,97.110001
10/9/2023,196.399994,181.820007,759.179993,571.76001,111.379997,44.549999,405,72.370003,67.879997,121.82,140.139999,264.209991,88.989998,96.480003,96.879997
10/10/2023,194.729996,183.850006,742.25,579.309998,113,44.68,419.5,72.339996,68.529999,120.389999,142.410004,264.140015,90.610001,95.089996,97.620003
10/11/2023,191.860001,188.220001,726,605.280029,115.07,43.27,418.25,71.620003,68.93,120.040001,143.119995,266.519989,92,95.309998,98.650002
10/12/2023,193.009995,187.559998,708.059998,610.5,115.720001,43.900002,412.25,71.849998,67.910004,121.110001,141.139999,260.98999,92.419998,95.510002,99.25
10/13/2023,189.850006,185.720001,694,609.200012,113.690002,41.82,404.5,71.970001,66.870003,124.860001,141.669998,262.26001,90.459999,95.470001,99.910004
10/16/2023,196.839996,187.669998,709.190002,616.640015,116.830002,40.130001,403.75,70.629997,68.050003,125.309998,143.240005,267.940002,91.220001,94.809998,102.040001
10/17/2023,195.410004,187.139999,705.5,608.309998,117.150002,40.049999,406.25,70.209999,70,125.459999,142.770004,267.429993,91,94.019997,103.010002
10/18/2023,194.199997,187.789993,703.98999,607.23999,116.07,39.389999,407.049988,70.129997,68.690002,126.589996,139.690002,263.5,89.599998,94.110001,103.769997
10/19/2023,191.479996,184.520004,703.559998,590.799988,114.290001,40.860001,391.829987,70.199997,67.260002,126.379997,137.839996,257.299988,92.910004,95.040001,103.050003
10/20/2023,186.110001,178.759995,702.5,584.640015,112.099998,41.549999,393.850006,69.809998,65.559998,124.059998,136.990005,257.450012,91.309998,95.059998,102.669998
10/23/2023,186.520004,179.080002,713,576.650024,112.110001,39.759998,407.75,70.220001,64.970001,121.339996,137.740005,253.389999,91.110001,96.059998,102.809998
10/24/2023,190.490005,182.820007,727.940002,592.429993,114.269997,38.360001,419.75,69.519997,64.599998,119.949997,141.070007,252.110001,91.639999,96.209999,105.18
10/25/2023,186.089996,175.380005,715.590027,586.460022,112.029999,38.5,421,68.739998,64.489998,120.410004,140.990005,246.720001,87.639999,94.150002,103.540001
10/26/2023,169.820007,171.639999,703,568.099976,112.720001,39.139999,412.059998,70.370003,66.269997,118.309998,142.860001,241.080002,87.449997,95.519997,100.019997
10/27/2023,176.190002,172.820007,693.5,560.22998,110.779999,38.810001,405.350006,70.440002,65.699997,117.800003,140,234.520004,85.989998,94.699997,97.980003
10/30/2023,175.720001,174.610001,713.900024,565.710022,113.029999,40.23,412.730011,71.470001,65.959999,118.139999,141.570007,237.210007,86.059998,95.910004,101.800003
10/31/2023,200.369995,176.770004,717.390015,553.929993,112.919998,41.349998,425.350006,72.769997,66.099998,118.800003,143.860001,237.539993,86.309998,95.889999,102.769997
11/1/2023,210.839996,178.350006,715.960022,554.460022,114.849998,42.75,414.700012,73.330002,66.779999,116.669998,145.050003,239.619995,87.800003,95.959999,100.879997
11/2/2023,211.679993,182.800003,746.369995,580.289978,117.190002,43.43,428.720001,74.269997,70.599998,122.019997,146.5,241.860001,90.480003,97.300003,105.080002
11/3/2023,212.490005,188.240005,752.01001,567.809998,117.07,43.630001,429.5,73.919998,72.879997,119.75,147.490005,249.5,91.790001,97.029999,107.059998
11/6/2023,212.809998,186.779999,746.090027,595.190002,124.730003,44.279999,430.660004,73.919998,71.550003,118.470001,147.339996,248.630005,92.599998,98.129997,107.25
11/7/2023,212.600006,192.360001,744.539978,599.929993,119.870003,44.580002,431.720001,74.379997,71.489998,115.25,147.130005,245.610001,92.410004,98.580002,109.360001
11/8/2023,209.600006,193.830002,754,619.130005,121.18,45.970001,449.200012,74.529999,70.190002,114.449997,146.639999,231.690002,92,98.870003,109.389999
11/9/2023,211.639999,190.759995,761,591.320007,120.629997,46.490002,450,74.599998,68.459999,114.150002,146.889999,224.649994,91.620003,99.690002,107
11/10/2023,206.839996,196.309998,738.25,597.710022,121.769997,47.369999,440.399994,75.580002,68.82,115.610001,147.610001,224.789993,97.440002,99.370003,106.110001
11/13/2023,210.279999,200.960007,740,612.710022,121.720001,46.439999,443.75,70.43,68.93,115.360001,147.210007,222.589996,96.419998,98.720001,104.199997
11/14/2023,215.199997,207.970001,772,610.820007,126.519997,46.959999,457.549988,70.25,74.849998,115.540001,147.009995,225.259995,98.910004,97.589996,105.75
11/15/2023,213.740005,204.289993,779.77002,588.539978,121.989998,46.810001,465.5,70.160004,75.370003,115.029999,147.199997,229.630005,98.800003,98.57,107.82
11/16/2023,213.300003,204.270004,764.390015,588.75,121.669998,47.900002,457.019989,70.040001,74.949997,111.989998,147.490005,229.460007,98.540001,98.57,107.610001
11/17/2023,214.630005,207.089996,779.75,591.710022,121.690002,47.509998,458.25,69.019997,75.400002,114.589996,147.710007,228,99.580002,98.459999,105.959999
11/20/2023,215.339996,207.729996,789.570007,597.599976,122.279999,46.299999,465.049988,70.760002,75.239998,115.389999,148.5,230.110001,99.959999,98.5,106.32
11/21/2023,215.320007,208.979996,770,592.599976,122.510002,46.540001,459.299988,70.120003,73.18,115.169998,148.610001,229.570007,98.410004,98.400002,106.550003
11/22/2023,217.690002,209.610001,775,595.090027,123.25,45.380001,462.649994,69.739998,73.580002,114.849998,148.910004,231.25,98.650002,98.25,107.919998
11/24/2023,218.389999,210.660004,772,601.099976,123.860001,45.84,475.100006,69.32,73.650002,115.489998,148.979996,231.949997,97.830002,97.870003,107.639999
11/27/2023,218.669998,210.070007,766.299988,591.530029,125.099998,45.439999,469.399994,68.349998,72.959999,114.800003,148.800003,228.789993,97.209999,97.980003,107.959999
11/28/2023,217.25,212.350006,750.97998,591.599976,124.449997,45.75,467.75,69.18,73.010002,114.980003,148.380005,227.410004,97.980003,97.400002,108.75
11/29/2023,219.300003,234.440002,760,591.859985,120.580002,44.470001,476.309998,68.010002,73.989998,113.970001,149.550003,232.059998,98.879997,98.550003,110.370003
11/30/2023,219.710007,236.990005,768.400024,591.039978,121.040001,44.43,475.399994,68.32,74.050003,115.57,150.449997,234.080002,97.309998,99.419998,110.269997
12/1/2023,216.639999,235.029999,763.450012,584.039978,119.879997,43.259998,470.299988,68.529999,78.610001,115.230003,152.25,234.639999,98.550003,99.650002,113.480003
12/4/2023,215.100006,237.389999,760.330017,585.679993,118.919998,44.259998,474.75,68.5,80.050003,114.529999,152.800003,232.850006,97.010002,100.029999,115.150002
12/5/2023,215.710007,238.970001,770.630005,588.150024,118.309998,43.220001,478.5,68.860001,78.529999,113.139999,154,229.570007,96.690002,99.949997,115.410004
12/6/2023,213.399994,239.419998,770.429993,589.25,112.629997,44.240002,473.429993,68.769997,78.519997,110.519997,155.5,233.869995,97.849998,100.43,116.110001
12/7/2023,215.289993,240.169998,772.359985,588.27002,110.529999,45.099998,477.75,68.480003,79.860001,110.849998,156.360001,239.119995,99.290001,99.650002,114.809998
12/8/2023,224.029999,242.550003,797,598.049988,111.209999,44.32,474.549988,68.699997,79.860001,112.07,156.399994,239.289993,100.349998,98.75,115.910004
12/11/2023,226.570007,246.970001,797.070007,584.039978,116.150002,45.189999,475.700012,68.900002,80.160004,112.160004,158.850006,246.110001,100.949997,99.080002,118.610001
12/12/2023,229.860001,248.550003,792.51001,584.76001,114.489998,45.709999,483.75,68.699997,79.18,111.059998,160.440002,249.039993,101.599998,97.040001,119.639999
12/13/2023,229.550003,252.039993,806.580017,597.5,116.43,45.889999,483.25,65.699997,83.470001,111.849998,159.550003,255.559998,102.120003,92.879997,121.169998
12/14/2023,231.029999,252.679993,821.539978,573.669983,115.599998,46.450001,488.040009,65.529999,86.959999,114.949997,156.869995,256.540009,103.449997,90,121.019997
12/15/2023,235.600006,260.079987,816,572.039978,118.75,47.560001,483.75,66.050003,86.790001,114.540001,156.149994,248.130005,102.540001,93.339996,121.550003
12/18/2023,238.809998,259.799988,810.450012,579.76001,119.360001,47.080002,480.600006,66.440002,85.739998,114.900002,156.259995,250.330002,102.93,93.139999,121.139999
12/19/2023,236.699997,258.329987,820.030029,579.809998,120.809998,45.68,501,66.349998,86.529999,116.489998,155.869995,251.690002,103.870003,92.400002,122.639999
12/20/2023,233.160004,253.949997,810.530029,570.210022,117.010002,46.549999,493.350006,66.57,84.209999,116.690002,154.539993,248.160004,100.040001,92.629997,121.43
12/21/2023,235.339996,257.320007,817.880005,572,118.309998,46.330002,488.100006,67.269997,84.870003,116.830002,154.929993,253.860001,102.550003,94.190002,122.529999
12/22/2023,238.259995,255.630005,813.090027,570.390015,115.330002,46.830002,491.26001,67.870003,85.739998,117.660004,155.710007,257.970001,103.150002,94.360001,108.040001
12/26/2023,237.529999,257.869995,819.200012,570.669983,117.57,46.970001,492.149994,68.150002,86.169998,119.019997,156.830002,260.700012,104.449997,94.489998,108.019997
12/27/2023,237.729996,257.320007,820,581.51001,117.419998,47.029999,497.730011,68.589996,86.099998,118.489998,157.940002,261.929993,104.650002,95.489998,107.129997
12/28/2023,236.970001,256.130005,812.200012,580.849976,117.110001,45.73,505,68.519997,85.82,116.5,158.949997,260.579987,104.699997,95.010002,108.82
12/29/2023,235.509995,255.320007,813.809998,582.919983,116.889999,45.130001,504.049988,68.050003,84.449997,116.07,160.330002,258.769989,104,94.800003,108.57
1/2/2024,231.559998,246.889999,791.429993,592.200012,115.25,45.529999,483.369995,67.980003,85.050003,117.589996,161.910004,267.709991,101.529999,94.57,106.550003
1/3/2024,229.399994,244.360001,762.159973,617.700012,115.849998,46.549999,478,67.620003,82.169998,119.93,162.080002,263.429993,100.169998,94.290001,104.040001
1/4/2024,230.559998,245.649994,763.059998,614.5,115.360001,49.57,484.600006,67.739998,82.940002,116.480003,162.300003,260.279999,99.129997,95.720001,102.300003
1/5/2024,230.919998,247.460007,753,618.549988,116.239998,50.400002,474.380005,67.769997,82.730003,116.529999,163.369995,257.880005,99.610001,96.43,102.080002
1/8/2024,245.850006,261.279999,760.799988,626.030029,117.029999,51.490002,480.950012,68.32,83.639999,114.5,163.410004,257.980011,102.239998,97.139999,103.620003
1/9/2024,245.199997,273.769989,748,625.47998,116.489998,52.009998,479.269989,68.68,82.519997,112.760002,163.199997,255.839996,101.889999,97.230003,102.739998
1/10/2024,249.229996,282.040009,751.359985,630.190002,115.849998,51.900002,483.220001,68.160004,82.959999,111.18,163.289993,254.229996,100.800003,97,103.769997
1/11/2024,251.740005,284.519989,740,635.719971,112.910004,52.349998,479,68.629997,81.580002,111,162.169998,247.210007,101.220001,98.059998,105.900002
1/12/2024,252.029999,283.350006,737,642.919983,112.910004,53.509998,486.5,68.949997,80.650002,111.699997,162.539993,248.119995,101.239998,99.040001,105.059998
1/16/2024,253.259995,286.290009,720.5,634.570007,111.809998,53.169998,466.799988,68.510002,79.5,108.639999,163.080002,246.190002,101.669998,99.199997,101.720001
1/17/2024,248.990005,276.269989,707.210022,628.909973,111.919998,54.18,457.059998,69.150002,79.400002,107.57,164.270004,245.270004,102.949997,99.910004,100.82
1/18/2024,257.559998,283.109985,725,623.349976,111.410004,56.389999,461.350006,69.760002,80.209999,106.93,164.889999,246.970001,113.029999,99.209999,100.940002
1/19/2024,263.51001,290.540009,725,628.580017,114.449997,56.59,463.869995,69.529999,81.580002,107.870003,165.160004,249.960007,114.199997,99.370003,101.779999
1/22/2024,266.600006,298.660004,724,630.880005,117.209999,56.779999,459.600006,70.400002,83.389999,108.059998,164.380005,248.300003,113.029999,101.660004,100.559998
1/23/2024,262.040009,297.269989,731.210022,629.679993,118.690002,58.18,468.390015,70.879997,81.889999,107.989998,163.740005,251.679993,114.129997,100.139999,101.900002
1/24/2024,262.470001,300.279999,747.469971,633.700012,115.669998,58.490002,462.600006,70.959999,82.470001,109.669998,162,247.160004,116.519997,99.989998,100.760002
1/25/2024,264.420013,293.459991,784.969971,627.619995,120.550003,57.82,464.200012,71.190002,80.989998,112.050003,162.559998,246.210007,116.559998,99.260002,100.769997
1/26/2024,264.399994,290.309998,838.900024,639.25,121.269997,59.25,480.399994,71.209999,84.480003,112.230003,162.160004,244.820007,117.260002,99.57,102.75
1/29/2024,269.579987,300.670013,844.880005,645,121.010002,59.57,480.179993,70.099998,87.129997,111.599998,163.089996,247.520004,116.980003,99.959999,103.879997
1/30/2024,271.959991,301.350006,848.5,644.97998,121.879997,58.299999,482.079987,70.589996,86.489998,114.050003,161.699997,247.080002,116.059998,98.669998,104.18
1/31/2024,258.679993,292.5,833,645.609985,122,59.779999,478.019989,71.110001,83.099998,111.870003,161.229996,246.660004,112.959999,100.220001,101.529999
2/1/2024,262.980011,299.369995,844.200012,660.429993,127.629997,62.75,490.730011,70.550003,81.040001,111.379997,162.5,247.830002,113.389999,100.309998,101.760002
2/2/2024,273.100006,303.570007,842.929993,667.650024,129.710007,65.779999,477.799988,69.720001,80.830002,110.629997,161.779999,243.720001,115.75,99.330002,100.709999
2/5/2024,272.970001,302.48999,839.289978,706.200012,127.029999,64.720001,494.920013,70.330002,79.730003,109.970001,162.009995,241.839996,118.790001,99.540001,99.68
2/6/2024,264.890015,302.109985,840,705.030029,131.009995,66.440002,488.540009,70,79.559998,111.519997,161,245.550003,119.379997,98.830002,102.610001
2/7/2024,267.049988,317.779999,844.650024,725.380005,132.5,66.129997,484,69.480003,80.529999,112.32,161.779999,240.539993,124.980003,100.18,103.790001
2/8/2024,275.890015,323.040009,864.25,735.679993,130.720001,68.43,465,69.260002,79.889999,113.900002,160.929993,240.300003,133.729996,100.699997,103.769997
2/9/2024,282.450012,329.339996,873.929993,740.159973,132.169998,68.589996,454.670013,69.260002,82.400002,111.160004,162.190002,240.979996,133.110001,100.959999,104.5
2/12/2024,280.880005,321.290009,880.950012,737.26001,128.509995,68.349998,467.25,68.440002,83.510002,111.099998,161.759995,244.740005,130.460007,100.139999,107.18
2/13/2024,265.51001,322.440002,855.23999,742.969971,127.910004,70.050003,457.559998,70.019997,78.959999,109.769997,161.479996,226.649994,127.550003,102.830002,105
2/14/2024,265.670013,334.549988,866,757.309998,128.669998,68.949997,462.559998,70.599998,81.32,110.120003,161.419998,220.740005,129.270004,102.760002,106.330002
2/15/2024,266.5,331.380005,881.190002,757.780029,131.5,69.029999,475.369995,71.019997,85.370003,111,161.570007,223.350006,129.029999,103.339996,106.050003
2/16/2024,261.75,329.23999,879,782.059998,131.160004,65.889999,483.5,71.230003,85.349998,110.57,160.410004,219.080002,126.690002,104.419998,103.510002
2/20/2024,259.609985,323.709991,888.5,755.659973,131.800003,64.029999,480.829987,71.220001,84.029999,109.540001,162.050003,219.210007,125.330002,104.150002,103.300003
2/21/2024,254.490005,292.359985,892.429993,745.909973,131.399994,74.370003,479.790009,72.959999,83.220001,112.870003,164.050003,221.110001,125.339996,104.959999,105.269997
2/22/2024,268.76001,310.910004,913.890015,769.640015,133.389999,74.779999,489.100006,73.690002,82.900002,112.220001,163.550003,222.479996,129.070007,105.690002,105.080002
2/23/2024,267.660004,311.48999,918.570007,769.539978,133.990005,75,486.209991,73.25,82.589996,111.510002,164.339996,223.320007,129.529999,105.230003,105.629997
2/26/2024,273.73999,321.029999,913.25,771.919983,133.220001,74.650002,486.100006,74.080002,82.269997,112.419998,163.910004,223.710007,130.639999,106.470001,104.540001
2/27/2024,271.910004,321.209991,923.73999,765,155.759995,73.629997,488.799988,73.919998,83.510002,111.610001,164.619995,223.940002,128.589996,107.230003,105.150002
2/28/2024,273.170013,320.940002,919.400024,757.640015,170.830002,75.279999,483.809998,73.480003,82.269997,112.040001,163.800003,221.740005,127.379997,104.980003,104.349998
2/29/2024,277.540009,324.149994,915,753.679993,168.449997,78,479.640015,73.449997,84.040001,112.540001,163.300003,216.990005,128.669998,104.260002,103.93
3/1/2024,287.73999,314.600006,924.659973,782.119995,169.990005,80.870003,479.730011,72.510002,82.309998,114.239998,163.369995,220.949997,133.899994,102.660004,101.879997
3/4/2024,287.940002,313.809998,916,792.280029,175.990005,81.489998,479.869995,72.660004,82.300003,111.639999,163.339996,221.020004,138.259995,102.769997,99.540001
3/5/2024,280.470001,297.559998,896.159973,777.590027,176.770004,84,473.600006,73.07,84.970001,111.220001,165.899994,217.229996,134.970001,104.889999,98.309998
3/6/2024,284.5,329.570007,908,779.77002,179.979996,87.800003,481.5,74.309998,83.940002,111.989998,167.419998,217.559998,141.570007,102.900002,97.629997
3/7/2024,286.480011,329.679993,919.950012,780.159973,179.580002,82.900002,488.670013,74,83.769997,112.739998,164.389999,219.360001,149.199997,102.690002,98.190002
3/8/2024,273.109985,322.850006,919.669983,762.140015,170.570007,81.300003,488.670013,74.080002,83.779999,113,163.990005,223.240005,146.369995,103.660004,99.160004
3/11/2024,271.019989,317.369995,928.400024,734.369995,167.910004,86.980003,486.5,74.480003,83.470001,115.25,164.759995,230.070007,139.020004,104.93,101.080002
3/12/2024,281.859985,329.269989,938.609985,754.950012,168.369995,86,490.070007,74.620003,82.389999,115.019997,163.679993,227.360001,144.399994,104.989998,100.18
3/13/2024,280.709991,332.170013,950.820007,757.840027,167.860001,83.269997,495.200012,74.120003,81.980003,117.550003,164.089996,226.559998,142.139999,104.540001,101.360001
3/14/2024,284.019989,328.589996,952,760.72998,164.639999,83.18,494.100006,73.919998,80.260002,119.779999,162.860001,219.619995,139.619995,105.32,100.260002
3/15/2024,277.730011,315.649994,944.5,754.169983,165.520004,83.790001,482.600006,73.510002,79.989998,120.040001,161.809998,219.309998,136.979996,104.919998,99.639999
3/18/2024,289.320007,321.059998,935,762.659973,168.839996,84.57,479.619995,73.389999,79.260002,120.260002,161.149994,219.399994,136.639999,105.739998,98.739998
3/19/2024,286.920013,320.859985,905,772.780029,172.410004,85.440002,477.299988,72.889999,79.559998,122.019997,160.740005,218.630005,134.869995,105.150002,99.959999
3/20/2024,296.579987,326.869995,932,772.859985,175.710007,86.489998,466.910004,72.559998,82.309998,121.910004,161.160004,218.149994,136.75,103.889999,100.269997
3/21/2024,304.600006,329.459991,913.219971,770.26001,174.130005,89.239998,470.899994,72.480003,83.330002,123.510002,160.929993,220.75,139.449997,101.32,100.82
3/22/2024,306.420013,327.579987,895.859985,770.609985,178.240005,89.989998,465,72.349998,81.419998,123.029999,160.610001,218.100006,140.539993,101.470001,93.860001
3/25/2024,305.5,324.76001,892.109985,773.140015,187.259995,87.650002,475,73.129997,81.07,126.230003,161.119995,216.690002,140.229996,103.050003,93.75
3/26/2024,297.829987,330.01001,885.01001,774.900024,185.410004,85.349998,469.170013,73.129997,80.940002,125.989998,161.100006,212.020004,138.839996,104.650002,92.580002
3/27/2024,288.410004,322.25,899.409973,778.179993,184.889999,85.540001,475.700012,72.720001,84.129997,126.839996,162.009995,216.339996,136.690002,103.190002,94.129997
3/28/2024,289.980011,320.589996,904.030029,777.960022,184.850006,85.459999,475.600006,72.610001,85.029999,127.279999,163.220001,215.630005,136.050003,102.25,93.980003
4/1/2024,299.75,319.589996,902,760.549988,185.979996,84.669998,480,71.699997,83.209999,128.679993,162.669998,214.830002,141.490005,101.790001,92.559998
4/2/2024,290.850006,319.549988,888.539978,763.960022,188.130005,84.080002,464.609985,71.120003,80.870003,130.669998,162.080002,207.639999,140.220001,100.360001,90.949997
4/3/2024,298.790009,320.040009,883.130005,775.98999,190.259995,81.300003,458.049988,69.82,80.010002,131.630005,163.259995,206.380005,142,110.370003,90.330002
4/4/2024,288.769989,309.190002,871.580017,768.080017,183.110001,83.260002,451.399994,71.059998,80.080002,131.75,161.610001,205.300003,139.660004,114.5,89.07
4/5/2024,297.600006,315.5,872.349976,784.210022,193.080002,82.349998,447.790009,71.129997,81.389999,133.520004,161.110001,203.869995,141.360001,111.529999,88.839996
4/8/2024,297.380005,313.730011,880.049988,777.289978,191.979996,80.699997,445.75,71.699997,82.5,132.419998,160.899994,204.949997,142.789993,109.970001,90
4/9/2024,294.75,310.769989,866.219971,757.23999,188.100006,82.400002,449.410004,71.059998,82.739998,132.25,161,206.520004,145.399994,111.639999,91
4/10/2024,288.220001,312.529999,852.599976,761.97998,191.080002,85.650002,444.369995,70.690002,78.709999,132.820007,160.380005,201.550003,146.220001,112.949997,89
4/11/2024,296.579987,317.799988,857.080017,759.590027,192.880005,83.470001,447.899994,70.610001,79.080002,132.919998,160.690002,203.679993,147.199997,112.050003,92
4/12/2024,271.220001,309.049988,830.299988,751.640015,191.669998,81.300003,443.799988,70.860001,78.559998,131.199997,160.050003,198.179993,142.520004,112.589996,92
4/15/2024,263.200012,299.5,841.75,750.77002,185.399994,82.68,440.179993,70.410004,78.010002,130.25,159.820007,196.800003,140.139999,111.599998,93.099998
4/16/2024,262.76001,299.149994,855.049988,746.73999,186.649994,79.519997,434.339996,70.510002,76.449997,129.529999,159.789993,195.149994,139.800003,113.43,93.389999
4/17/2024,259.269989,293.690002,858,750.77002,185.399994,80.129997,445.700012,69.959999,76.089996,128.330002,160.089996,192.160004,139.029999,112.93,94.839996
4/18/2024,257.190002,294.100006,854,745.950012,183.860001,72.080002,457.049988,69.699997,76.519997,127.809998,160.850006,190.520004,132.270004,112.800003,95.739998
4/19/2024,246.089996,282.640015,848.049988,726.309998,180.899994,75.220001,472.179993,69.57,78.330002,129.380005,162.330002,194.380005,127.699997,114.019997,94.529999
4/22/2024,245.470001,289.149994,851.890015,731.330017,183.220001,77.879997,479.980011,69.900002,79.25,129.330002,162.360001,194.110001,129.75,113.610001,94.190002
4/23/2024,251.179993,299.649994,862.400024,745.690002,188.25,75.309998,480.25,70.279999,79.839996,129.839996,163.25,193.179993,133.429993,115.57,94.019997
4/24/2024,254.770004,297.619995,859.75,732.200012,186.160004,78.059998,485,70.949997,80.139999,129.279999,164.179993,201.990005,132.970001,117,94.639999
4/25/2024,264.76001,298.019989,837,724.869995,188.009995,82.980003,455.700012,70.919998,78.959999,130.110001,164.050003,202.460007,136.580002,115.620003,93.940002
4/26/2024,264.700012,304.070007,844.849976,733.51001,188.369995,82.959999,460,70.900002,77.949997,130.240005,163.960007,208.899994,138.300003,116.309998,94.120003
4/29/2024,263.670013,304.040009,838.450012,737.200012,188.610001,81.650002,461.850006,70.419998,77.080002,130.220001,164.25,215.5,138.5,114.839996,94.059998
4/30/2024,256.559998,292.540009,826,781.099976,185.940002,78.699997,465.190002,70.260002,75.699997,125.620003,164.169998,214.820007,137.339996,115.169998,92.260002
5/1/2024,255.210007,295.440002,822.330017,776.75,184.559998,81.019997,464.799988,71.540001,77.279999,124.339996,165.470001,216.130005,134.940002,115.269997,90.339996
5/2/2024,261.859985,303.540009,825.48999,755.909973,186.179993,83.75,463.649994,72.330002,78.25,122.25,164.910004,213.509995,136.229996,116.699997,92.410004
5/3/2024,274.399994,310.209991,841,734.969971,194.860001,87,470.25,72.75,78.57,122.230003,164.600006,217.509995,141.559998,117.860001,92.150002
5/6/2024,278.820007,317.809998,841.799988,766.679993,197.699997,85.489998,473.570007,72.550003,80.300003,123.550003,162.369995,221.419998,142.830002,118.760002,93.360001
5/7/2024,273.98999,312.549988,853,777.77002,200.559998,85.330002,476.100006,73.269997,80.650002,123.540001,162.190002,218.919998,141.110001,119.870003,93.779999
5/8/2024,291.670013,313.76001,846.809998,775,208,83.769997,476.910004,72.720001,80.82,123.059998,162.830002,219.720001,143.600006,118.730003,93.589996
5/9/2024,296.070007,317.940002,849.669983,771.549988,215.910004,84.910004,478.899994,74.080002,80.629997,123.389999,164.679993,222.75,142.789993,118.32,93.389999
5/10/2024,314.029999,320.76001,850,760,214.929993,85.360001,486.980011,73.620003,81.160004,121.910004,164.199997,221.5,149.259995,120.389999,90.940002
5/13/2024,309.869995,319.179993,844.400024,757.700012,213.589996,86.269997,489.019989,73.589996,80.110001,121.589996,163.350006,225.339996,146.410004,120.370003,92.720001
5/14/2024,313.660004,329.549988,858.309998,763.97998,217.740005,89.269997,490.420013,73.559998,81.080002,121.040001,162.410004,226.880005,151.949997,121.400002,92.790001
5/15/2024,326.029999,343.119995,856.98999,787.02002,223.309998,89.120003,493.859985,74.400002,81.400002,120.699997,162.679993,235.320007,155.580002,122.279999,91.669998
5/16/2024,320.089996,339.059998,851.559998,771.119995,216.339996,87.360001,500,74.709999,80.410004,119.830002,163.580002,230.039993,152.229996,122.760002,91.769997
5/17/2024,319.890015,345.929993,854.130005,770,213.110001,89.970001,490.339996,74.050003,80.849998,121.709999,164,230.570007,151.679993,123.769997,92.18
5/20/2024,319.390015,348.75,845,783.179993,215.070007,89.599998,490.48999,73.970001,79.870003,120.889999,163.899994,231.580002,153.550003,124.349998,91.769997
5/21/2024,316.98999,349.320007,832.72998,803.169983,222.589996,98.029999,479.940002,74.290001,79.510002,120.410004,164.360001,227.690002,153.669998,123.980003,92.82
5/22/2024,316.5,345.420013,812.679993,802.909973,220.110001,100.389999,495.619995,74.559998,78.25,118.190002,165.5,225.210007,156.149994,124.230003,92.5
5/23/2024,301.420013,342.350006,804.659973,808.450012,221.160004,104.800003,483.079987,73.959999,76.199997,117.650002,164.970001,218.059998,157.089996,124.129997,91.400002
5/24/2024,306.549988,351.470001,815.25,807.429993,230.630005,107.790001,480.220001,73,77.190002,117.25,166,217.809998,160,122.800003,91.75
5/28/2024,307.48999,346.820007,804.369995,807.859985,231.270004,108.269997,493.869995,73.339996,77.370003,118.959999,167.309998,218.729996,159.410004,122.730003,92
5/29/2024,308.309998,349.519989,784,811.530029,220.740005,104.440002,472.540009,73.529999,74.580002,115.25,168.880005,214.410004,154.339996,123.769997,91.669998
5/30/2024,303.660004,315.920013,795,815.059998,224.960007,103.510002,486.940002,72.629997,76.599998,113.580002,170.699997,220.070007,152.960007,129,93.449997
5/31/2024,297.649994,313.670013,798.369995,820.340027,217.25,108.5,479.640015,72.900002,77.309998,116.480003,174.960007,224.940002,151.039993,125.790001,95.050003
6/3/2024,296.390015,308.690002,803.5,831.26001,208.259995,109.940002,487.980011,74.849998,76.139999,113.870003,173.080002,229.800003,154.949997,126.959999,94.400002
6/4/2024,293.179993,305.579987,802,832.590027,203.139999,115.550003,494.200012,75.730003,74.910004,112.269997,177.910004,234.130005,152.470001,127.779999,94.739998
6/5/2024,297.559998,342.179993,822.349976,831.76001,209.330002,114.269997,497.200012,75.57,74.610001,112.230003,180.270004,236.720001,162.919998,126.720001,94.32
6/6/2024,296.570007,340.48999,831.590027,837.289978,202.600006,114.040001,492.200012,75.190002,74.529999,112.199997,179.770004,231.990005,162.070007,127.120003,95.720001
6/7/2024,296.790009,349.119995,823,849.98999,198,115.120003,481.549988,74.370003,73.839996,112,179.820007,225.429993,164.389999,126.75,96.550003
6/10/2024,297.579987,374.570007,807.080017,865,214.630005,114.099998,479.109985,74.089996,72.809998,113.300003,180.690002,225.979996,168.160004,125.68,96
6/11/2024,304.769989,384.630005,796.340027,865.820007,218.309998,118.080002,478.839996,74.419998,71.989998,113.629997,178.399994,225.740005,165.710007,120.540001,95.870003
6/12/2024,311.329987,387.369995,792.400024,867.299988,218.130005,122.059998,500,74.349998,73.389999,112.190002,173.789993,230.630005,172.979996,121.580002,93.68
6/13/2024,331.670013,382.809998,787,883.330017,219.929993,124.540001,493.329987,73.989998,72.199997,110.889999,175.110001,233.839996,172.910004,123.849998,94.18
6/14/2024,328.5,385.434998,764.75,878.450012,214.899994,123.660004,467,73.779999,71.300003,109.389999,175.990005,231.690002,172.509995,123.050003,93.389999
6/17/2024,340.079987,390.429993,776,885.01001,212.020004,127.919998,471.959991,73.900002,72.690002,109.540001,177.380005,226.460007,177.240005,124.050003,95
6/18/2024,340.339996,389.51001,762,891.460022,220.410004,132.300003,479.23999,73,73.059998,109.410004,177.610001,223.649994,179.690002,123.470001,94.779999
6/20/2024,340.190002,382.140015,764.210022,885.98999,222.309998,123.470001,479.679993,73.480003,72.870003,111.330002,176.440002,225.580002,175.380005,122.699997,95.57
6/21/2024,337.359985,380.630005,765,883.880005,218.130005,119.57,472.200012,74.07,72.830002,111.339996,176.729996,224,173.960007,124.029999,97.18
6/24/2024,329.209991,377.929993,781,890.109985,216.100006,111.489998,474.230011,75.529999,74.370003,115.169998,177.949997,226.600006,167.809998,126.059998,97.169998
6/25/2024,334.529999,386.76001,795.25,904.609985,222.369995,119.18,466.390015,75.790001,73.529999,114.989998,177.630005,223.190002,172.600006,123.489998,94.75
6/26/2024,334.700012,380.369995,783.409973,901.26001,210.309998,119.339996,472.350006,75.849998,73.5,113.610001,176.309998,224.460007,172.070007,123,94.059998
6/27/2024,347.929993,387.290009,771.059998,909.039978,204.779999,116.889999,468.829987,76.029999,74.489998,113.970001,177.419998,228.720001,171.630005,125.849998,94.190002
6/28/2024,350.480011,383.190002,768.799988,905.380005,200.270004,116.5,441.899994,75.790001,76.419998,114.379997,176.179993,231.820007,173.809998,124.910004,75.370003
7/1/2024,356.700012,392.149994,765,914.369995,205.050003,115.699997,440.279999,77.110001,75.800003,114.360001,179.080002,231.770004,172.330002,126.18,76.830002
7/2/2024,357.01001,385.049988,766.049988,906.710022,206.149994,120.300003,431.48999,77.459999,77.160004,114.120003,179.979996,228.820007,175.699997,127,76.040001
7/3/2024,365.420013,387.179993,774.659973,898.099976,210.070007,120.75,436.459991,77.529999,76.019997,114.769997,178.460007,224.610001,182.490005,127.379997,75.239998
7/5/2024,366.140015,389.679993,776.400024,914.570007,211.289993,118.75,437,77.459999,75.470001,112.550003,179.240005,225.649994,183.990005,127.099998,75.43
7/8/2024,371.070007,390.709991,754.859985,918,215.729996,120.809998,435.75,78.650002,75.480003,112.230003,179.169998,228.070007,186.630005,128.759995,73.050003
